name,type,address,latitude,longitude,source
THE THEVA RESIDENCY,Boutique Hotels,"Hantana, Kandy",7.276036,80.635411,Sri Lanka Open Data Portal - Accommodation Information for Tourists
HIGHLAND VILLA,Boutique Hotels,"Weligama, Matara",5.960334,80.409972,Sri Lanka Open Data Portal - Accommodation Information for Tourists
ULAGALLA WALAWWA RESORT,Boutique Hotels,"Thirappane, Anuradhapura",8.205927,80.545063,Sri Lanka Open Data Portal - Accommodation Information for Tourists
GALLE FORT HOTEL,Boutique Hotels,"Church Street, Galle Fort",6.026649,80.217563,Sri Lanka Open Data Portal - Accommodation Information for Tourists
THE ELEPHANT CORRIDOR,Boutique Hotels,"Pothana, Kibissa, Sigiriya",7.943525,80.710743,Sri Lanka Open Data Portal - Accommodation Information for Tourists
AMANWELLA,Boutique Hotels,Tangalle,6.006174,80.777376,Sri Lanka Open Data Portal - Accommodation Information for Tourists
ADITYA,Boutique Hotels,"Rathgama, Galle",6.094732,80.134978,Sri Lanka Open Data Portal - Accommodation Information for Tourists
BUCKINGAM PLACE,Boutique Hotels,"Rekawa, Tangalle",6.047336,80.855462,Sri Lanka Open Data Portal - Accommodation Information for Tourists
CLUB VILLA,Boutique Hotels,Bentota,6.414093,79.999034,Sri Lanka Open Data Portal - Accommodation Information for Tourists
SAMAN VILLAS,Boutique Hotels,"Induruwa, Bentota",6.395518,80.004447,Sri Lanka Open Data Portal - Accommodation Information for Tourists
MANDARA RESORT,Boutique Hotels,"Pelena, Mirissa / Weligama",5.964016,80.453836,Sri Lanka Open Data Portal - Accommodation Information for Tourists
VIL UYANA,Boutique Hotels,Sigiriya,7.929710,80.720275,Sri Lanka Open Data Portal - Accommodation Information for Tourists
TAMARIND HILL HOTEL,Boutique Hotels,"Dadella, Galle",6.044845,80.197360,Sri Lanka Open Data Portal - Accommodation Information for Tourists
PARADISE ROAD TINTAGEL COLOMBO,Boutique Hotels,Colombo 07,6.915033,79.869959,Sri Lanka Open Data Portal - Accommodation Information for Tourists
BROOK BOUTIQUE,Boutique Hotels,"Melsiripura, Kurunegala",7.726939,80.512511,Sri Lanka Open Data Portal - Accommodation Information for Tourists
THE FORTRESS,Boutique Hotels,"Koggala, Galle",5.986535,80.326424,Sri Lanka Open Data Portal - Accommodation Information for Tourists
CASA COLOMBO,Boutique Hotels,Colombo 03,6.888839,79.857693,Sri Lanka Open Data Portal - Accommodation Information for Tourists
AMANGALLE,Boutique Hotels,Galle Fort,6.028977,80.216995,Sri Lanka Open Data Portal - Accommodation Information for Tourists
MAALU MAALU RESORTS & SPA,Boutique Hotels,"Passikudah, Batticaloa",7.928390,81.561268,Sri Lanka Open Data Portal - Accommodation Information for Tourists
THE WALAWWA,Boutique Hotels,"Kotugoda, Gampaha",7.131981,79.927908,Sri Lanka Open Data Portal - Accommodation Information for Tourists
BOULDER GARDEN,Boutique Hotels,"Kalawana, Ratnapura",6.514558,80.385872,Sri Lanka Open Data Portal - Accommodation Information for Tourists
JIMS FARM VILLA,Boutique Hotels,"Pallepola, Matale",7.621357,80.619922,Sri Lanka Open Data Portal - Accommodation Information for Tourists
LANGDALE RESORT & SPA,Boutique Hotels,"Nanu Oya, Nuwara Eliya",6.929208,80.718066,Sri Lanka Open Data Portal - Accommodation Information for Tourists
THE FORT BAZAAR,Boutique Hotels,Galle Fort,6.026844,80.2154963,Sri Lanka Open Data Portal - Accommodation Information for Tourists
WATER GARDEN SIGIRIYA,Boutique Hotels,"Kibissa, Sigiriya",7.994399,80.7441833,Sri Lanka Open Data Portal - Accommodation Information for Tourists
SOORIYA RESORT & SPA,Boutique Hotels,"Rekawa Beach, Tangalle",6.048141,80.8635393,Sri Lanka Open Data Portal - Accommodation Information for Tourists
WILD COAST TENTED LODGE,Boutique Hotels,"Palatupana, Yala",6.2607399,81.4064072,Sri Lanka Open Data Portal - Accommodation Information for Tourists
THE HABITAT,Boutique Hotels,Kosgoda,6.3405694,80.0258226,Sri Lanka Open Data Portal - Accommodation Information for Tourists
ROCK VILLA,Boutique Villas,Bentota,6.413580,79.9973733,Sri Lanka Open Data Portal - Accommodation Information for Tourists
MIRAGE KINGS COTTAGE,Boutique Villas,Nuwara Eliya,6.9641218,80.7723742,Sri Lanka Open Data Portal - Accommodation Information for Tourists
DUNKELD BUNGALOW,Boutique Villas,"Dickoya, Hatton",6.858082,80.572933,Sri Lanka Open Data Portal - Accommodation Information for Tourists
SUMMERVILLE,Boutique Villas,"Dickoya, Hatton",6.867271,80.580983,Sri Lanka Open Data Portal - Accommodation Information for Tourists
MIRISSA HILLS,Boutique Villas,Mirissa,5.963842,80.465105,Sri Lanka Open Data Portal - Accommodation Information for Tourists
WILD GRASS NATURE RESORT,Boutique Villas,Sigiriya,7.904267,80.724371,Sri Lanka Open Data Portal - Accommodation Information for Tourists
NORWOOD BUNGALOW,Boutique Villas,Nuwara Eliya,6.834541,80.604130,Sri Lanka Open Data Portal - Accommodation Information for Tourists
VILLA SAFFRON,Boutique Villas,Hikkaduwa,6.122220,80.113700,Sri Lanka Open Data Portal - Accommodation Information for Tourists
MOUNT HAVANA LUXURY BOUTIQUE VILLA,Boutique Villas,Gampola,7.144944,80.599521,Sri Lanka Open Data Portal - Accommodation Information for Tourists
LAKE LODGE BOUTIQUE HOTEL,Boutique Villas,"Kandalama, Dambulla",7.863126,80.690316,Sri Lanka Open Data Portal - Accommodation Information for Tourists
MOUNT BATTEN BUNGALOW,Boutique Villas,Kandy,7.255123,80.619447,Sri Lanka Open Data Portal - Accommodation Information for Tourists
ELLERTON HOTEL,Boutique Villas,Gampola,7.187229,80.629261,Sri Lanka Open Data Portal - Accommodation Information for Tourists
ROSYTH ESTATE HOUSE,Boutique Villas,Kegalle,7.276954,80.352821,Sri Lanka Open Data Portal - Accommodation Information for Tourists
ERAELIYA VILLAS AND GARDENS,Boutique Villas,Weligama,5.958113,80.413849,Sri Lanka Open Data Portal - Accommodation Information for Tourists
WATERSIDE BENTOTA,Boutique Villas,Bentota,6.430846,80.007114,Sri Lanka Open Data Portal - Accommodation Information for Tourists
COCO BAY,Boutique Villas,Unawatuna,6.027435,80.243972,Sri Lanka Open Data Portal - Accommodation Information for Tourists
REEF VILLA & SPA,Boutique Villas,"Wadduwa, Kalutara",6.658974,79.928253,Sri Lanka Open Data Portal - Accommodation Information for Tourists
DVILLAS LUXURY,Boutique Villas,"Nawala, Colombo",6.8864696,79.887256,Sri Lanka Open Data Portal - Accommodation Information for Tourists
ERA BEACH HOTEL,Boutique Villas,"Thalpe, Galle",5.9984781,80.2727742,Sri Lanka Open Data Portal - Accommodation Information for Tourists
THE RIVER HOUSE,Boutique Villas,Balapitiya,6.260578,80.043303,Sri Lanka Open Data Portal - Accommodation Information for Tourists
KAHANDA KANDA,Boutique Villas,Galle,6.020899,80.345978,Sri Lanka Open Data Portal - Accommodation Information for Tourists
APA VILLA,Boutique Villas,"Thalpe, Galle",6.041730,80.272720,Sri Lanka Open Data Portal - Accommodation Information for Tourists
